City_ID,City,Country,Date,Lat,Lng,Max Temp,Humidity,Cloudiness,Wind Speed
0,Nehe,CN,2021-10-20 22:25:10,48.4833,124.8333,32.09,65,86,5.44
1,Male,MV,2021-10-20 22:25:11,4.1748,73.5089,82.35,78,40,9.22
2,Agrado,CO,2021-10-20 22:25:11,2.2573,-75.7714,76.86,72,50,4.74
3,Cape Town,ZA,2021-10-20 22:20:30,-33.9258,18.4232,63.09,76,0,1.99
4,Bilibino,RU,2021-10-20 22:25:12,68.0546,166.4372,0.59,96,100,2.33
5,Hobart,AU,2021-10-20 22:25:06,-42.8794,147.3294,59.05,68,75,5.01
6,Samfya,ZM,2021-10-20 22:25:13,-11.3649,29.5565,74.88,45,55,13.76
7,Punta Arenas,CL,2021-10-20 22:25:14,-53.15,-70.9167,51.82,50,40,19.57
8,Washougal,US,2021-10-20 22:25:15,45.5826,-122.3534,64.08,67,75,5.01
9,Airai,TL,2021-10-20 22:25:15,-8.9266,125.4092,63.73,68,98,1.54
10,Tupik,RU,2021-10-20 22:20:16,54.4253,119.9327,24.58,83,95,3.29
11,Ushuaia,AR,2021-10-20 22:25:16,-54.8,-68.3,51.46,40,20,13.8
12,Sinnamary,GF,2021-10-20 22:25:17,5.3833,-52.95,80.53,79,36,8.75
13,Erzincan,TR,2021-10-20 22:25:18,39.75,39.5,34.9,75,0,1.14
14,San Cristobal,VE,2021-10-20 22:25:18,7.7669,-72.225,77.18,69,12,2.08
15,Provideniya,RU,2021-10-20 22:25:19,64.3833,-173.3,28.51,74,0,0.0
16,Butaritari,KI,2021-10-20 22:25:19,3.0707,172.7902,81.46,74,28,9.73
17,Vaini,TO,2021-10-20 22:25:20,-21.2,-175.2,78.96,89,75,8.05
18,Tiksi,RU,2021-10-20 22:25:21,71.6872,128.8694,11.07,94,100,5.46
19,Albany,US,2021-10-20 22:25:21,42.6001,-73.9662,66.92,58,67,6.51
20,Rikitea,PF,2021-10-20 22:25:22,-23.1203,-134.9692,74.68,73,10,20.45
21,Bathsheba,BB,2021-10-20 22:25:23,13.2167,-59.5167,83.01,78,40,21.85
22,Barrow,US,2021-10-20 22:25:23,71.2906,-156.7887,28.42,86,90,27.63
23,Le Mans,FR,2021-10-20 22:20:58,48.0,0.2,57.61,67,90,21.85
24,Tasiilaq,GL,2021-10-20 22:25:24,65.6145,-37.6368,42.96,50,66,10.33
25,Khash,IR,2021-10-20 22:25:25,28.2211,61.2158,64.99,39,0,3.96
26,Klaksvik,FO,2021-10-20 22:25:25,62.2266,-6.589,41.92,66,78,36.13
27,Hithadhoo,MV,2021-10-20 22:25:26,-0.6,73.0833,81.09,77,100,11.21
28,Kyzyl-Suu,KG,2021-10-20 22:25:27,42.3414,78.0056,46.44,43,91,8.12
29,Torbay,CA,2021-10-20 22:25:28,47.6666,-52.7314,49.57,96,90,10.36
30,Abu Dhabi,AE,2021-10-20 22:25:28,24.4667,54.3667,84.31,79,6,2.3
31,San Angelo,US,2021-10-20 22:24:24,31.4638,-100.437,84.11,55,1,3.0
32,Kapaa,US,2021-10-20 22:25:29,22.0752,-159.319,82.47,65,1,1.99
33,Busselton,AU,2021-10-20 22:23:03,-33.65,115.3333,53.1,73,98,15.73
34,Cabo San Lucas,MX,2021-10-20 22:21:43,22.8909,-109.9124,89.62,61,1,11.5
35,Narsaq,GL,2021-10-20 22:25:30,60.9167,-46.05,28.62,37,0,3.87
36,Avarua,CK,2021-10-20 22:25:31,-21.2078,-159.775,77.05,65,40,9.22
37,Saldanha,ZA,2021-10-20 22:25:31,-33.0117,17.9442,59.05,85,55,17.31
38,Kaitangata,NZ,2021-10-20 22:25:32,-46.2817,169.8464,50.47,56,100,4.45
39,Mar Del Plata,AR,2021-10-20 22:23:50,-38.0023,-57.5575,63.09,43,0,5.01
40,Bethel,US,2021-10-20 22:23:10,41.3712,-73.414,70.92,66,1,4.61
41,Pontal Do Parana,BR,2021-10-20 22:25:33,-25.6533,-48.5128,64.72,88,100,6.46
42,Nome,US,2021-10-20 22:25:33,64.5011,-165.4064,35.11,93,90,8.05
43,Ribeira Grande,PT,2021-10-20 22:25:34,38.5167,-28.7,70.27,61,71,3.67
44,Castro,BR,2021-10-20 22:25:34,-24.7911,-50.0119,53.42,89,72,7.05
45,Manokwari,ID,2021-10-20 22:25:35,-0.8667,134.0833,79.99,77,100,4.72
46,Wyndham,US,2021-10-20 22:25:35,37.6985,-77.6125,71.46,65,0,3.04
47,Kahului,US,2021-10-20 22:25:36,20.8947,-156.47,83.46,64,20,17.27
48,Hermanus,ZA,2021-10-20 22:25:36,-34.4187,19.2345,62.8,88,83,7.61
49,Agua Verde,MX,2021-10-20 22:25:36,22.9,-106.05,87.89,77,16,10.18
50,Madras,IN,2021-10-20 22:25:37,13.0878,80.2785,80.58,89,75,3.44
51,Longyearbyen,SJ,2021-10-20 22:25:37,78.2186,15.6401,12.04,73,0,9.22
52,Port Alfred,ZA,2021-10-20 22:25:38,-33.5906,26.891,63.14,86,23,16.22
53,Shahrud,IR,2021-10-20 22:25:38,36.4182,54.9763,50.92,67,69,13.58
54,Tuktoyaktuk,CA,2021-10-20 22:25:39,69.4541,-133.0374,24.8,93,75,8.05
55,East London,ZA,2021-10-20 22:25:39,-33.0153,27.9116,63.18,84,51,13.24
56,Bredasdorp,ZA,2021-10-20 22:25:40,-34.5322,20.0403,62.28,98,84,5.14
57,Bogorodskoye,RU,2021-10-20 22:25:40,56.55,37.8833,37.99,93,100,19.48
58,Tabou,CI,2021-10-20 22:22:11,4.423,-7.3528,77.32,88,44,7.85
59,Kapasan,ID,2021-10-20 22:25:41,-6.7773,111.3789,77.41,84,75,2.53
60,Atuona,PF,2021-10-20 22:25:41,-9.8,-139.0333,76.87,82,16,15.03
61,Moanda,GA,2021-10-20 22:25:42,-1.5575,13.2178,69.33,98,100,2.01
62,Ugra,RU,2021-10-20 22:25:43,54.7777,34.3267,47.5,86,100,15.35
63,Puerto Ayora,EC,2021-10-20 22:25:43,-0.7393,-90.3518,76.96,80,97,10.0
64,Oyama,JP,2021-10-20 22:25:44,36.3,139.8,56.59,58,43,1.86
65,Noumea,NC,2021-10-20 22:25:44,-22.2763,166.4572,71.58,96,100,1.79
66,Kodiak,US,2021-10-20 22:25:45,57.79,-152.4072,44.11,76,90,5.75
67,Hami,CN,2021-10-20 22:25:45,42.8,93.45,56.39,19,100,7.45
68,Glossa,GR,2021-10-20 22:25:46,35.4717,23.7763,62.1,73,0,4.47
69,Artyom,AZ,2021-10-20 22:25:47,40.4723,50.333,55.54,56,99,18.95
70,Quelimane,MZ,2021-10-20 22:25:47,-17.8786,36.8883,72.07,79,52,5.82
71,Yellowknife,CA,2021-10-20 22:25:48,62.456,-114.3525,44.42,72,20,13.8
72,Kuala Lipis,MY,2021-10-20 22:25:48,4.1842,102.0468,72.3,99,99,1.25
73,Jamestown,US,2021-10-20 22:25:49,42.097,-79.2353,63.09,59,1,6.91
74,Ponta Delgada,PT,2021-10-20 22:25:50,37.7333,-25.6667,63.32,82,20,4.61
75,Ponta Do Sol,PT,2021-10-20 22:25:50,32.6667,-17.1,74.03,79,100,6.33
76,Hilo,US,2021-10-20 22:25:51,19.7297,-155.09,80.33,65,40,13.8
77,Asau,RO,2021-10-20 22:21:35,46.4333,26.4,45.52,72,15,7.43
78,Ryotsu,JP,2021-10-20 22:25:51,38.0833,138.4333,55.36,66,91,11.83
79,Bluff,NZ,2021-10-20 22:25:52,-46.6,168.3333,48.42,55,100,3.65
80,Padang,ID,2021-10-20 22:25:52,-0.9492,100.3543,75.18,91,100,2.59
81,Mahebourg,MU,2021-10-20 22:25:53,-20.4081,57.7,74.25,78,40,8.05
82,The Pas,CA,2021-10-20 22:23:11,53.8251,-101.2541,42.82,52,1,3.44
83,Norman Wells,CA,2021-10-20 22:25:53,65.282,-126.8329,39.24,60,75,12.66
84,Bengkulu,ID,2021-10-20 22:25:54,-3.8004,102.2655,74.41,89,95,4.85
85,Tautira,PF,2021-10-20 22:25:55,-17.7333,-149.15,82.42,78,95,11.23
86,Mataura,NZ,2021-10-20 22:25:56,-46.1927,168.8643,49.17,57,100,3.2
87,Pisco,PE,2021-10-20 22:25:56,-13.7,-76.2167,64.45,77,0,17.27
88,Berlevag,NO,2021-10-20 22:25:57,70.8578,29.0864,35.02,59,100,25.86
89,Dikson,RU,2021-10-20 22:25:57,73.5069,80.5464,28.0,62,87,12.66
90,Totness,SR,2021-10-20 22:25:58,5.8833,-56.3167,81.14,80,88,12.26
91,Independence,US,2021-10-20 22:24:56,39.0911,-94.4155,69.94,54,1,1.01
92,Buala,SB,2021-10-20 22:25:59,-8.145,159.5921,83.64,73,62,5.01
93,Olafsvik,IS,2021-10-20 22:25:59,64.8945,-23.7142,43.23,73,100,22.12
94,Chokurdakh,RU,2021-10-20 22:26:00,70.6333,147.9167,-16.44,96,94,2.77
95,Hienghene,NC,2021-10-20 22:26:01,-20.6833,164.9333,67.05,95,100,6.08
96,Qazigund,IN,2021-10-20 22:26:01,33.6333,75.15,52.79,47,0,0.87
97,Iqaluit,CA,2021-10-20 22:26:02,63.7506,-68.5145,31.73,86,75,0.0
98,Katsuura,JP,2021-10-20 22:26:03,35.1333,140.3,59.18,62,100,9.91
99,Areka,ET,2021-10-20 22:26:04,7.0667,37.7,64.08,60,98,4.81
100,Skjervoy,NO,2021-10-20 22:26:04,70.0311,20.9714,32.23,76,100,26.22
101,Port Elizabeth,ZA,2021-10-20 22:26:05,-33.918,25.5701,62.89,88,0,6.91
102,Togur,RU,2021-10-20 22:26:05,58.3631,82.8265,36.27,89,78,6.55
103,Te Anau,NZ,2021-10-20 22:21:11,-45.4167,167.7167,45.57,77,74,1.57
104,Saint Anthony,US,2021-10-20 22:26:06,45.0205,-93.218,55.54,92,90,4.0
105,Ibra,OM,2021-10-20 22:26:07,22.6906,58.5334,73.72,70,60,4.25
106,Kuryk,KZ,2021-10-20 22:26:08,43.2,51.65,47.52,50,93,8.99
107,Umrala,IN,2021-10-20 22:26:08,21.8333,71.8167,76.46,69,68,7.85
108,Isangel,VU,2021-10-20 22:26:09,-19.55,169.2667,82.51,78,100,8.05
109,De-Kastri,RU,2021-10-20 22:26:10,51.4667,140.7833,23.4,78,19,3.96
110,Saint George,US,2021-10-20 22:21:21,37.1041,-113.5841,73.94,25,1,1.99
111,Winneba,GH,2021-10-20 22:26:11,5.3511,-0.6231,81.07,89,94,9.82
112,Kutum,SD,2021-10-20 22:26:11,14.2,24.6667,77.76,21,87,12.06
113,Cayenne,GF,2021-10-20 22:23:42,4.9333,-52.3333,83.08,79,0,1.01
114,Valdivia,CL,2021-10-20 22:25:44,-39.8142,-73.2459,55.49,78,100,4.65
115,Alausi,EC,2021-10-20 22:26:12,-2.2,-78.8333,52.66,88,98,1.14
116,Kavaratti,IN,2021-10-20 22:26:13,10.5669,72.642,81.79,74,97,10.65
117,Angoche,MZ,2021-10-20 22:26:13,-16.2325,39.9086,75.09,73,96,11.23
118,Yumen,CN,2021-10-20 22:26:14,40.2833,97.2,38.43,29,48,7.92
119,Guerrero Negro,MX,2021-10-20 22:26:14,27.9769,-114.0611,70.77,60,75,13.02
120,Camacha,PT,2021-10-20 22:26:15,33.0833,-16.3333,70.56,83,20,10.36
121,Lompoc,US,2021-10-20 22:26:16,34.6391,-120.4579,77.09,57,1,16.11
122,Ilulissat,GL,2021-10-20 22:24:17,69.2167,-51.1,28.42,64,20,2.3
123,Hasaki,JP,2021-10-20 22:22:33,35.7333,140.8333,52.2,54,99,14.63
124,Mandalgovi,MN,2021-10-20 22:26:17,45.7625,106.2708,28.58,55,0,4.43
125,Broken Hill,AU,2021-10-20 22:26:17,-31.95,141.4333,73.11,16,40,14.97
126,Thinadhoo,MV,2021-10-20 22:26:18,0.5333,72.9333,81.5,76,65,9.93
127,Ocos,GT,2021-10-20 22:26:18,14.5094,-92.1933,86.5,82,98,8.16
128,Teya,RU,2021-10-20 22:22:10,60.3778,92.6267,34.95,86,47,5.06
129,Saskylakh,RU,2021-10-20 22:26:19,71.9167,114.0833,8.55,99,99,5.41
130,Yokadouma,CM,2021-10-20 22:26:20,3.5167,15.05,68.76,98,100,1.39
131,Vila Franca Do Campo,PT,2021-10-20 22:26:20,37.7167,-25.4333,63.01,73,60,2.24
132,Matara,LK,2021-10-20 22:26:21,5.9485,80.5353,76.68,89,93,5.26
133,Wewak,PG,2021-10-20 22:26:22,-3.5534,143.6268,79.03,85,100,3.98
134,Vardo,NO,2021-10-20 22:26:22,70.3705,31.1107,34.99,64,100,25.34
135,Broome,US,2021-10-20 22:26:23,42.2506,-75.833,65.53,64,56,4.05
136,Yibin,CN,2021-10-20 22:26:24,28.7667,104.6238,57.09,92,100,1.9
137,Paita,PE,2021-10-20 22:26:24,-5.0892,-81.1144,68.56,81,64,16.82
138,Chizhou,CN,2021-10-20 22:26:25,30.6578,117.4831,49.46,93,100,3.6
139,Luangwa,ZM,2021-10-20 22:26:25,-15.6167,30.4167,73.33,62,14,10.0
140,Hovd,MN,2021-10-20 22:26:26,48.0056,91.6419,31.51,49,0,1.79
141,Touros,BR,2021-10-20 22:26:27,-5.1989,-35.4608,81.5,82,100,11.72
142,Chapais,CA,2021-10-20 22:26:28,49.7834,-74.8492,38.98,97,100,7.67
143,Sabang,ID,2021-10-20 22:26:30,5.8933,95.3214,81.19,71,100,1.52
144,Bacolod,PH,2021-10-20 22:22:00,10.6667,122.95,78.01,88,62,5.37
145,Mecca,SA,2021-10-20 22:26:31,21.4267,39.8261,82.56,51,1,2.95
146,Tingo Maria,PE,2021-10-20 22:26:32,-9.2895,-76.0088,80.87,66,41,1.92
147,Saint-Joseph,RE,2021-10-20 22:26:32,-21.3667,55.6167,70.18,77,31,8.93
148,Poum,NC,2021-10-20 22:26:33,-20.2333,164.0167,69.49,88,100,7.02
149,Mirandopolis,BR,2021-10-20 22:26:34,-21.1336,-51.1017,71.62,58,0,9.46
150,Okmulgee,US,2021-10-20 22:26:36,35.6234,-95.9605,73.87,64,90,4.61
151,Daru,PG,2021-10-20 22:26:37,-9.0763,143.2092,81.9,71,98,6.64
152,Las Tunas,CU,2021-10-20 22:26:37,20.9617,-76.9511,84.33,78,57,11.92
153,Noyabrsk,RU,2021-10-20 22:26:38,63.1994,75.4507,33.94,78,100,6.2
154,Mount Gambier,AU,2021-10-20 22:21:45,-37.8333,140.7667,60.75,63,59,6.29
155,Salinas,US,2021-10-20 22:26:39,36.6777,-121.6555,70.99,70,90,11.5
156,Nantucket,US,2021-10-20 22:26:39,41.2835,-70.0995,64.74,82,1,5.75
157,Villazon,BO,2021-10-20 22:26:40,-22.0866,-65.5942,66.56,3,14,28.12
158,Gambela,ET,2021-10-20 22:26:40,8.25,34.5833,77.59,54,100,3.27
159,Khatanga,RU,2021-10-20 22:26:41,71.9667,102.5,22.14,97,100,5.28
160,Kruisfontein,ZA,2021-10-20 22:21:59,-34.0033,24.7314,57.88,76,35,3.67
161,Nhulunbuy,AU,2021-10-20 22:26:42,-12.2333,136.7667,84.81,70,27,10.36
162,Baruun-Urt,MN,2021-10-20 22:26:42,46.6806,113.2792,28.8,74,6,6.4
163,Diu,IN,2021-10-20 22:26:43,20.7141,70.9822,74.77,75,52,9.08
164,Ingham,US,2021-10-20 22:22:25,42.6,-84.3833,69.42,63,1,4.61
165,Mindupok,PH,2021-10-20 22:26:44,6.0906,124.4233,78.58,79,100,4.41
166,Cherskiy,RU,2021-10-20 22:26:44,68.75,161.3,-7.08,100,100,5.19
167,Vikindu,TZ,2021-10-20 22:26:45,-7.0067,39.2985,71.37,91,53,3.6
168,Bijie,CN,2021-10-20 22:26:46,27.3125,105.2942,46.92,93,100,4.41
169,Banda Aceh,ID,2021-10-20 22:25:03,5.5577,95.3222,78.64,77,99,1.03
170,Aksu,CN,2021-10-20 22:26:47,41.1231,80.2644,51.51,28,53,3.11
171,Limulunga,ZM,2021-10-20 22:26:48,-15.0969,23.1376,73.31,60,85,3.69
172,Saint-Pierre,RE,2021-10-20 22:26:49,-21.3393,55.4781,71.28,65,90,4.61
173,Atambua,ID,2021-10-20 22:26:49,-9.1061,124.8925,76.53,81,92,0.65
174,Chuy,UY,2021-10-20 22:26:50,-33.6971,-53.4616,59.2,68,64,9.91
175,Yulara,AU,2021-10-20 22:26:50,-25.2406,130.9889,71.44,43,0,10.36
176,Labuhan,ID,2021-10-20 22:26:51,-6.8844,112.2051,78.67,83,54,6.22
177,Solnechnyy,RU,2021-10-20 22:26:52,50.7214,136.6319,21.33,84,16,3.56
178,Guozhen,CN,2021-10-20 22:26:52,34.3659,107.359,49.15,84,79,1.86
179,Souillac,MU,2021-10-20 22:26:53,-20.5167,57.5167,74.35,78,40,8.05
180,Rio Grande,BR,2021-10-20 22:24:14,-32.035,-52.0986,61.95,66,30,12.66
181,Rocha,UY,2021-10-20 22:23:26,-34.4833,-54.3333,56.7,76,52,9.62
182,Leh,IN,2021-10-20 22:26:54,34.1667,77.5833,41.34,42,0,4.25
183,Egvekinot,RU,2021-10-20 22:26:55,66.3167,-179.1667,21.87,87,100,7.05
184,San Carlos De Bariloche,AR,2021-10-20 22:26:34,-41.1456,-71.3082,60.55,39,75,27.63
185,Harsin,IR,2021-10-20 22:26:56,34.2721,47.5861,50.81,65,0,2.19
186,Aklavik,CA,2021-10-20 22:26:56,68.2191,-135.0107,27.32,80,100,7.07
187,Batagay-Alyta,RU,2021-10-20 22:26:57,67.8006,130.4114,9.18,90,100,3.38
188,Bantry,IE,2021-10-20 22:26:58,51.6833,-9.45,44.08,69,76,12.57
189,Grand Gaube,MU,2021-10-20 22:26:58,-20.0064,57.6608,74.37,75,48,5.99
190,Red Wing,US,2021-10-20 22:26:59,44.5625,-92.5338,60.31,90,90,4.0
191,Qaanaaq,GL,2021-10-20 22:27:00,77.484,-69.3632,17.6,94,78,2.08
192,Balgazyn,RU,2021-10-20 22:27:00,51.0,95.2,31.1,52,0,2.08
193,Arraial Do Cabo,BR,2021-10-20 22:27:01,-22.9661,-42.0278,62.56,100,90,2.3
194,Saint-Philippe,RE,2021-10-20 22:27:02,-21.3585,55.7679,71.19,79,42,10.96
195,Nyurba,RU,2021-10-20 22:27:03,63.2842,118.3319,31.03,96,100,7.74
196,Nikolskoye,RU,2021-10-20 22:27:04,59.7035,30.7861,55.29,89,100,16.96
197,Ihlow,DE,2021-10-20 22:27:05,51.8833,13.3333,65.82,73,100,15.88
198,Ajdabiya,LY,2021-10-20 22:27:06,30.7554,20.2263,70.39,57,39,7.52
199,Boddam,GB,2021-10-20 22:27:06,57.4667,-1.7833,39.58,67,98,27.58
200,Itaueira,BR,2021-10-20 22:27:07,-7.6033,-43.0256,81.99,57,22,4.29
201,Tuatapere,NZ,2021-10-20 22:27:08,-46.1333,167.6833,50.34,58,96,3.42
202,Tuy Hoa,VN,2021-10-20 22:24:54,13.0833,109.3,75.33,93,100,3.98
203,Clyde River,CA,2021-10-20 22:27:09,70.4692,-68.5914,30.43,94,75,12.66
204,Latung,PH,2021-10-20 22:27:09,5.5,120.8833,82.92,75,69,6.58
205,Viedma,AR,2021-10-20 22:27:10,-40.8135,-62.9967,68.83,34,0,18.34
206,Flinders,AU,2021-10-20 22:27:10,-34.5833,150.8552,67.8,89,40,1.01
207,Oromocto,CA,2021-10-20 22:27:11,45.8351,-66.4792,48.34,81,75,5.75
208,Mwinilunga,ZM,2021-10-20 22:27:12,-11.7358,24.4293,66.11,72,96,2.13
209,Ancud,CL,2021-10-20 22:27:12,-41.8697,-73.8203,56.43,92,100,8.88
210,Takaka,NZ,2021-10-20 22:27:13,-40.85,172.8,56.55,65,100,4.59
211,Beringovskiy,RU,2021-10-20 22:27:13,63.05,179.3167,17.4,76,32,5.3
212,Caravelas,BR,2021-10-20 22:27:14,-17.7125,-39.2481,70.75,90,100,15.28
213,New Norfolk,AU,2021-10-20 22:27:15,-42.7826,147.0587,58.71,61,89,1.99
214,Colac,AU,2021-10-20 22:27:15,-38.3333,143.5833,63.18,70,100,6.42
215,Alghero,IT,2021-10-20 22:27:16,40.5589,8.3181,51.89,87,0,3.44
216,Springbok,ZA,2021-10-20 22:27:16,-29.6643,17.8865,63.03,34,49,5.59
217,Port Lincoln,AU,2021-10-20 22:27:17,-34.7333,135.8667,61.23,83,75,12.62
218,Portland,US,2021-10-20 22:25:49,45.5234,-122.6762,63.63,69,75,1.99
219,Hirara,JP,2021-10-20 22:27:18,24.8,125.2833,77.27,88,75,5.75
220,Kaeo,NZ,2021-10-20 22:27:18,-35.1,173.7833,60.33,97,100,9.66
221,Pemagatsel,BT,2021-10-20 22:27:19,27.0319,91.4266,59.5,98,100,1.3
222,Thompson,CA,2021-10-20 22:27:19,55.7435,-97.8558,41.16,33,75,12.66
223,San Lawrenz,MT,2021-10-20 22:27:20,36.0553,14.204,63.86,82,0,5.91
224,Severo-Kurilsk,RU,2021-10-20 22:27:20,50.6789,156.125,35.6,65,83,23.55
225,Nishihara,JP,2021-10-20 22:22:24,26.1842,127.7558,74.48,74,75,6.91
226,Deogarh,IN,2021-10-20 22:27:21,21.5333,84.7333,70.56,84,56,3.8
227,Havoysund,NO,2021-10-20 22:27:22,70.9963,24.6622,29.28,63,100,27.89
228,Hofn,IS,2021-10-20 22:27:22,64.2539,-15.2082,36.63,50,5,6.69
229,Inuvik,CA,2021-10-20 22:27:23,68.3499,-133.7218,27.36,93,75,4.61
230,Palmer,US,2021-10-20 22:27:23,42.1584,-72.3287,68.32,70,44,4.12
231,Lorengau,PG,2021-10-20 22:27:24,-2.0226,147.2712,83.44,72,77,6.49
232,Xalpatlahuac,MX,2021-10-20 22:27:25,17.4667,-98.6167,70.74,73,100,1.25
233,Mpanda,TZ,2021-10-20 22:27:25,-6.3655,31.0409,77.85,46,83,2.62
234,Nuuk,GL,2021-10-20 22:27:26,64.1835,-51.7216,29.01,93,1,9.22
235,Vao,NC,2021-10-20 22:27:27,-22.6667,167.4833,69.69,95,100,11.14
236,Inhambane,MZ,2021-10-20 22:27:27,-23.865,35.3833,66.27,73,0,6.31
237,Vodnyy,RU,2021-10-20 22:27:28,63.5046,53.4095,28.74,95,94,5.14
238,Olinda,BR,2021-10-20 22:27:28,-8.0089,-34.8553,82.13,69,20,8.05
239,Jibuti,DJ,2021-10-20 22:27:29,11.5,42.5,80.02,60,62,6.93
240,Aswan,EG,2021-10-20 22:27:29,24.0934,32.907,76.33,34,0,19.22
241,Maniitsoq,GL,2021-10-20 22:27:30,65.4167,-52.9,32.81,71,10,11.92
242,Cidreira,BR,2021-10-20 22:27:30,-30.1811,-50.2056,63.37,66,94,15.37
243,Saint-Georges,GD,2021-10-20 22:27:31,12.0564,-61.7485,82.08,83,75,16.11
244,Kalmunai,LK,2021-10-20 22:27:32,7.4167,81.8167,79.18,84,100,6.15
245,Ixtapa,MX,2021-10-20 22:27:33,20.7,-105.2,88.83,62,20,10.36
246,Sayyan,YE,2021-10-20 22:27:33,15.1718,44.3244,58.17,35,100,8.32
247,Humboldt,US,2021-10-20 22:23:04,40.6665,-123.9178,56.05,74,100,4.74
248,Sweetwater,US,2021-10-20 22:27:34,25.7634,-80.3731,82.42,65,75,1.99
249,Carnarvon,AU,2021-10-20 22:27:35,-24.8667,113.6333,64.47,72,90,5.75
250,Wasilla,US,2021-10-20 22:24:31,61.5814,-149.4394,44.53,64,90,1.01
251,Lujan,AR,2021-10-20 22:27:36,-34.5703,-59.105,74.01,56,55,1.99
252,Nuevo Progreso,MX,2021-10-20 22:27:36,23.1667,-97.95,90.59,56,7,5.01
253,Praia,CV,2021-10-20 22:27:37,14.9215,-23.5087,81.14,61,0,19.57
254,Raul Soares,BR,2021-10-20 22:27:38,-20.1022,-42.4519,64.13,93,100,4.72
255,Port Hedland,AU,2021-10-20 22:27:38,-20.3167,118.5667,66.25,77,2,8.05
256,Yerbogachen,RU,2021-10-20 22:27:39,61.2767,108.0108,33.87,93,100,9.42
257,Oktyabrskoye,RU,2021-10-20 22:27:40,43.0645,44.7417,37.54,80,71,6.71
258,Vestmannaeyjar,IS,2021-10-20 22:27:41,63.4427,-20.2734,38.61,67,100,19.28
259,Muzhi,RU,2021-10-20 22:27:41,65.3667,64.6667,29.61,85,25,5.03
260,Angatuba,BR,2021-10-20 22:27:42,-23.4897,-48.4128,57.67,84,92,10.74
261,Avera,US,2021-10-20 22:27:42,33.194,-82.5271,78.67,44,72,4.14
262,Luis Correia,BR,2021-10-20 22:27:43,-2.8792,-41.6669,79.99,80,82,8.46
263,Ilo,PE,2021-10-20 22:27:43,-17.6394,-71.3375,62.98,80,100,7.49
264,Georgetown,MY,2021-10-20 22:27:44,5.4112,100.3354,76.95,95,40,4.61
265,Russellville,US,2021-10-20 22:27:45,35.2784,-93.1338,79.99,57,90,5.75
266,Volovo,UA,2021-10-20 22:27:46,48.5246,23.5056,46.54,82,72,6.08
267,Micheweni,TZ,2021-10-20 22:27:46,-4.9667,39.8333,75.38,84,44,7.87
268,Yaan,NG,2021-10-20 22:27:47,7.3833,8.5667,70.52,91,88,2.57
269,Novovasylivka,UA,2021-10-20 22:27:48,46.8315,35.7536,47.43,71,46,9.37
270,Kavieng,PG,2021-10-20 22:27:48,-2.5744,150.7967,81.9,77,93,6.02
271,Lebu,CL,2021-10-20 22:27:49,-37.6167,-73.65,55.17,82,73,7.27
272,Belmonte,BR,2021-10-20 22:27:50,-15.8631,-38.8828,79.3,85,62,6.42
273,Sao Felix Do Xingu,BR,2021-10-20 22:27:50,-6.6447,-51.995,78.53,74,75,1.14
274,Elk River,US,2021-10-20 22:27:51,45.3038,-93.5672,54.82,93,100,4.0
275,Blagoyevo,RU,2021-10-20 22:27:52,63.3667,47.9167,28.54,78,100,7.31
276,Sokol,RU,2021-10-20 22:27:52,59.4617,40.1206,31.57,96,100,17.09
277,Bambous Virieux,MU,2021-10-20 22:27:53,-20.3428,57.7575,74.21,78,40,8.05
278,Alofi,NU,2021-10-20 22:27:54,-19.0595,-169.9187,80.49,61,61,17.27
279,Maragogi,BR,2021-10-20 22:27:54,-9.0122,-35.2225,77.61,85,8,9.71
280,Necochea,AR,2021-10-20 22:27:55,-38.5473,-58.7368,66.04,76,1,8.23
281,Alice Springs,AU,2021-10-20 22:27:56,-23.7,133.8833,74.75,41,0,11.5
282,Amapa,BR,2021-10-20 22:27:56,1.0,-52.0,82.51,58,52,6.17
283,Kirakira,SB,2021-10-20 22:27:57,-10.4544,161.9205,83.53,74,94,9.06
284,Mtwara,TZ,2021-10-20 22:22:58,-10.2667,40.1833,73.04,89,23,6.11
285,San Patricio,US,2021-10-20 22:27:58,28.017,-97.5169,88.52,51,22,8.48
286,Banff,CA,2021-10-20 22:27:59,51.1762,-115.5698,47.73,36,78,6.35
287,Puerto Carreno,CO,2021-10-20 22:28:00,6.189,-67.4859,81.54,75,100,9.51
288,Santo Antonio Do Sudoeste,BR,2021-10-20 22:28:00,-26.0736,-53.7253,62.85,72,14,3.11
289,Talakan,RU,2021-10-20 22:28:01,50.3167,130.3667,22.66,95,33,1.3
290,Cervo,ES,2021-10-20 22:28:01,43.6702,-7.4101,59.97,72,97,14.85
291,Canavieiras,BR,2021-10-20 22:28:02,-15.675,-38.9472,76.68,85,61,4.65
292,Balfour,ZA,2021-10-20 22:28:03,-26.6633,28.5902,54.03,42,74,4.12
293,Sechura,PE,2021-10-20 22:28:03,-5.5569,-80.8222,73.65,65,31,15.43
294,Husavik,IS,2021-10-20 22:28:04,66.0449,-17.3389,22.91,75,63,13.29
295,Presidencia Roque Saenz Pena,AR,2021-10-20 22:28:05,-26.7852,-60.4388,74.98,35,0,7.0
296,Baranchinskiy,RU,2021-10-20 22:28:05,58.1617,59.6991,29.14,87,100,4.16
297,Kuah,MY,2021-10-20 22:28:06,6.3265,99.8432,76.98,94,40,2.3
298,Monrovia,LR,2021-10-20 22:26:51,6.3005,-10.7969,76.77,84,72,8.86
299,Maldonado,UY,2021-10-20 22:28:07,-34.6667,-54.9167,63.79,73,87,11.79
300,Tudela,ES,2021-10-20 22:25:19,42.0617,-1.6045,65.3,64,13,0.11
301,Marsh Harbour,BS,2021-10-20 22:28:08,26.5412,-77.0636,79.48,59,85,16.44
302,Bahia Blanca,AR,2021-10-20 22:28:09,-38.7196,-62.2724,76.3,30,6,4.18
303,Makaleng,BW,2021-10-20 22:28:09,-20.9,27.2833,60.42,68,15,10.96
304,Porto Uniao,BR,2021-10-20 22:26:59,-26.2381,-51.0783,53.69,92,25,3.76
305,Bonavista,CA,2021-10-20 22:28:10,48.6499,-53.1147,50.11,93,100,16.35
306,Tulun,RU,2021-10-20 22:28:11,54.5611,100.5792,31.21,85,5,6.2
307,Ussel,FR,2021-10-20 22:28:12,45.55,2.3167,50.72,98,94,13.51
308,Honiara,SB,2021-10-20 22:28:12,-9.4333,159.95,83.86,75,45,3.18
309,Geraldton,AU,2021-10-20 22:28:13,-28.7667,114.6,63.12,82,40,8.05
310,Kabalo,CD,2021-10-20 22:28:13,-6.05,26.9167,71.64,94,98,3.58
311,Atar,MR,2021-10-20 22:28:14,20.5169,-13.0499,84.36,15,3,9.66
312,Lewisporte,CA,2021-10-20 22:28:15,49.2499,-55.0482,46.13,97,100,11.54
313,Chernyshevskiy,RU,2021-10-20 22:28:15,63.0128,112.4714,34.95,97,100,10.76
314,Hope,US,2021-10-20 22:27:02,33.6671,-93.5916,84.25,45,59,5.84
315,Baykit,RU,2021-10-20 22:28:16,61.67,96.37,34.92,93,100,3.78
316,Dudinka,RU,2021-10-20 22:28:17,69.4058,86.1778,25.34,92,100,17.67
317,San Vicente,AR,2021-10-20 22:28:17,-26.6167,-54.1333,64.24,65,58,3.31
318,Vallenar,CL,2021-10-20 22:28:18,-28.5708,-70.7581,70.21,33,0,7.34
319,Upernavik,GL,2021-10-20 22:28:19,72.7868,-56.1549,32.85,99,100,10.42
320,Nemuro,JP,2021-10-20 22:28:19,43.3236,145.575,49.24,71,100,17.6
321,Areado,BR,2021-10-20 22:28:20,-21.3586,-46.1456,60.58,88,89,5.08
322,Nabire,ID,2021-10-20 22:28:21,-3.3667,135.4833,77.18,89,99,2.46
323,Faanui,PF,2021-10-20 22:28:21,-16.4833,-151.75,77.86,82,14,7.31
324,Espita,MX,2021-10-20 22:28:22,21.0167,-88.3167,77.95,91,97,7.2
325,Ghanzi,BW,2021-10-20 22:28:23,-21.5667,21.7833,71.28,38,82,11.45
326,Podujevo,XK,2021-10-20 22:28:23,42.9106,21.1931,50.4,85,3,5.01
327,Sibu,MY,2021-10-20 22:28:24,2.3,111.8167,75.51,100,20,0.0
328,Whitianga,NZ,2021-10-20 22:28:25,-36.8333,175.7,63.01,78,100,14.76
329,Auckland,NZ,2021-10-20 22:25:46,-36.8667,174.7667,62.78,76,90,11.99
330,Winnemucca,US,2021-10-20 22:28:26,40.973,-117.7357,64.45,34,1,13.8
331,Umtata,ZA,2021-10-20 22:28:26,-31.5889,28.7844,57.04,83,37,4.7
332,Borba,BR,2021-10-20 22:28:27,-4.3878,-59.5939,84.36,61,93,0.29
333,Lavrentiya,RU,2021-10-20 22:28:28,65.5833,-171.0,30.79,98,99,6.71
334,Aizpute,LV,2021-10-20 22:28:28,56.7167,21.6,56.43,87,100,20.4
335,Mount Isa,AU,2021-10-20 22:28:29,-20.7333,139.5,85.77,39,87,0.0
336,Boali,CF,2021-10-20 22:28:30,4.8005,18.1275,75.07,97,100,0.87
337,Alzamay,RU,2021-10-20 22:28:31,55.5562,98.6644,31.95,86,6,4.92
338,San Quintin,MX,2021-10-20 22:28:31,30.4833,-115.95,67.77,65,0,13.73
339,Constitucion,CL,2021-10-20 22:28:32,-35.3333,-72.4167,56.05,77,11,5.3
340,Sibolga,ID,2021-10-20 22:28:32,1.7427,98.7792,76.12,83,100,2.53
341,Savannah Bight,HN,2021-10-20 22:28:33,16.45,-85.85,84.0,74,98,15.77
342,Koindu,GN,2021-10-20 22:28:34,8.4386,-10.3253,70.57,99,100,3.06
343,Cariamanga,EC,2021-10-20 22:28:34,-4.3333,-79.55,59.77,59,82,5.7
344,Rudnogorsk,RU,2021-10-20 22:28:35,57.2639,103.7519,25.34,97,55,3.13
345,Najran,SA,2021-10-20 22:28:35,17.4924,44.1277,68.65,30,5,2.91
346,Laguna,US,2021-10-20 22:28:36,38.421,-121.4238,71.92,47,90,1.01
347,Pevek,RU,2021-10-20 22:28:36,69.7008,170.3133,18.59,92,100,13.91
348,Oistins,BB,2021-10-20 22:28:37,13.0667,-59.5333,82.49,78,40,21.85
349,Robat Karim,IR,2021-10-20 22:28:38,35.4846,51.0829,57.06,51,0,11.5
350,Ayan,RU,2021-10-20 22:28:38,56.45,138.1667,35.4,62,99,8.84
351,Olive Branch,US,2021-10-20 22:23:53,34.9618,-89.8295,78.51,63,75,6.91
352,Grants Pass,US,2021-10-20 22:27:59,42.439,-123.3284,59.59,80,90,1.01
353,Nasice,HR,2021-10-20 22:28:40,45.4886,18.0878,55.94,67,61,1.01
354,Kristinehamn,SE,2021-10-20 22:28:40,59.3098,14.1081,53.58,84,80,20.98
355,Itoman,JP,2021-10-20 22:28:41,26.1247,127.6694,75.97,75,75,6.91
356,Karaton,ID,2021-10-20 22:28:42,-6.3424,106.1045,82.96,92,97,1.43
357,Kailua,US,2021-10-20 22:28:42,21.4022,-157.7394,85.06,65,0,9.64
358,Wajima,JP,2021-10-20 22:28:43,37.4,136.9,54.5,64,92,13.67
359,Tonantins,BR,2021-10-20 22:28:43,-2.8731,-67.8022,76.08,94,96,2.77
360,Antalaha,MG,2021-10-20 22:28:44,-14.9003,50.2788,68.4,86,38,4.63
361,Mangrol,IN,2021-10-20 22:28:44,21.1167,70.1167,77.77,67,6,6.82
362,Hamilton,US,2021-10-20 22:28:45,39.1834,-84.5333,71.76,56,1,1.01
363,Kella,DE,2021-10-20 22:28:45,51.2333,10.0833,60.91,84,100,17.31
364,Sambava,MG,2021-10-20 22:28:46,-14.2667,50.1667,69.26,90,46,6.31
365,Lulea,SE,2021-10-20 22:28:46,65.5842,22.1547,32.07,100,90,8.05
366,San Buenaventura,MX,2021-10-20 22:28:47,27.0833,-101.5333,87.48,48,40,9.22
367,Ambilobe,MG,2021-10-20 22:28:48,-13.2,49.05,70.07,83,56,3.47
368,San Juan,AR,2021-10-20 22:28:48,-31.5375,-68.5364,85.06,12,3,12.28
369,Sakaiminato,JP,2021-10-20 22:28:49,35.55,133.2333,48.18,93,75,8.05
370,Ekhabi,RU,2021-10-20 22:28:50,53.5102,142.9671,25.72,84,26,9.69
371,Leningradskiy,RU,2021-10-20 22:28:51,69.3833,178.4167,25.39,96,100,15.05
372,Bani Walid,LY,2021-10-20 22:28:51,31.7566,13.9942,67.35,78,50,8.66
373,Zabaykalsk,RU,2021-10-20 22:28:52,49.6333,117.3167,23.56,86,8,5.44
374,Florianopolis,BR,2021-10-20 22:28:52,-27.6146,-48.5012,64.36,59,75,3.44
375,Faya,SA,2021-10-20 22:28:53,18.3851,42.4509,59.11,28,1,7.29
376,Cabedelo,BR,2021-10-20 22:28:53,-6.9811,-34.8339,81.27,79,11,12.3
377,Pincher Creek,CA,2021-10-20 22:28:54,49.4833,-113.952,59.11,51,75,5.75
378,Port-Gentil,GA,2021-10-20 22:28:55,-0.7193,8.7815,78.76,89,90,9.22
379,Murmashi,RU,2021-10-20 22:28:55,68.8154,32.8115,27.01,93,100,11.18
380,Kisanga,TZ,2021-10-20 22:28:56,-7.4362,37.7034,75.0,74,99,6.04
381,Kidal,ML,2021-10-20 22:28:57,18.4411,1.4078,83.19,15,3,12.62
382,North Platte,US,2021-10-20 22:28:57,41.1239,-100.7654,49.98,56,75,7.0
383,Hualmay,PE,2021-10-20 22:28:58,-11.0964,-77.6139,66.43,79,60,11.14
384,Mora,CM,2021-10-20 22:28:58,11.0461,14.1401,78.13,69,100,6.76
385,Catalina,US,2021-10-20 22:28:59,32.5056,-110.9211,83.52,14,86,1.01
386,Mende,FR,2021-10-20 22:29:00,44.6667,3.5,49.89,96,100,11.07
387,Sur,OM,2021-10-20 22:29:00,22.5667,59.5289,78.39,73,68,12.84
388,Almaznyy,RU,2021-10-20 22:29:01,48.0448,40.045,35.74,44,56,9.35
389,Marrakesh,MA,2021-10-20 22:25:24,31.6315,-8.0083,73.47,53,0,6.91
390,Harper,LR,2021-10-20 22:29:02,4.375,-7.7169,77.92,86,60,8.48
391,Maura,NO,2021-10-20 22:29:03,60.25,11.0167,44.47,90,0,9.22
392,Erzin,TR,2021-10-20 22:29:04,36.9559,36.2,66.92,49,0,1.52
393,Lithakia,GR,2021-10-20 22:29:04,37.7167,20.8333,62.58,68,1,1.52
394,Dombarovskiy,RU,2021-10-20 22:29:05,50.7587,59.5386,33.84,88,98,18.77
395,Victoria,HK,2021-10-20 22:24:15,22.2855,114.1577,79.32,87,87,4.0
396,Coquimbo,CL,2021-10-20 22:29:06,-29.9533,-71.3436,60.53,67,0,12.66
397,Fallon,US,2021-10-20 22:28:22,39.4735,-118.7774,69.42,21,75,12.66
398,Iquitos,PE,2021-10-20 22:28:05,-3.7481,-73.2472,80.64,78,40,5.75
399,Chilca,PE,2021-10-20 22:29:07,-12.5211,-76.7372,71.62,86,97,9.1
400,Senneterre,CA,2021-10-20 22:29:08,48.3835,-77.2328,41.22,95,100,7.78
401,Wagar,SD,2021-10-20 22:29:09,16.1525,36.2032,82.38,48,9,9.55
402,Gazanjyk,TM,2021-10-20 22:29:09,39.2446,55.5154,54.72,57,100,17.4
403,Tomari,RU,2021-10-20 22:29:10,47.7658,142.0683,32.2,81,100,5.59
404,Sokone,SN,2021-10-20 22:29:10,13.8833,-16.3667,85.89,69,66,6.62
405,Sao Filipe,CV,2021-10-20 22:29:11,14.8961,-24.4956,82.36,59,0,8.88
406,Ninotsminda,GE,2021-10-20 22:29:12,41.2646,43.5916,28.85,90,75,3.47
407,Puerto Colombia,CO,2021-10-20 22:26:46,10.9878,-74.9547,77.09,77,100,10.27
408,Sunrise Manor,US,2021-10-20 22:29:13,36.2111,-115.0731,75.06,20,1,3.44
409,Tsiroanomandidy,MG,2021-10-20 22:29:13,-18.7667,46.0333,72.32,64,71,3.65
410,Stutterheim,ZA,2021-10-20 22:29:14,-32.5708,27.424,57.88,58,47,6.02
411,Lianzhou,CN,2021-10-20 22:29:14,24.7811,112.3825,56.57,92,100,5.41
412,Saint-Augustin,CA,2021-10-20 22:29:15,51.226,-58.6502,45.19,86,100,13.71
413,Springdale,US,2021-10-20 22:29:16,36.1867,-94.1288,70.68,88,90,8.01
414,Bluefield,US,2021-10-20 22:29:16,37.2698,-81.2223,66.24,44,1,5.75
415,Iraucuba,BR,2021-10-20 22:29:17,-3.7461,-39.7833,82.53,59,100,5.5
416,Rock Sound,BS,2021-10-20 22:29:17,24.9,-76.2,80.91,70,64,20.94
417,Gandajika,CD,2021-10-20 22:29:18,-6.75,23.95,67.89,94,92,3.98
418,Lagoa,PT,2021-10-20 22:29:19,39.05,-27.9833,68.63,61,39,2.68
419,Nsanje,MW,2021-10-20 22:29:19,-16.92,35.262,69.89,84,32,4.83
420,Miri,MY,2021-10-20 22:29:20,4.4148,114.0089,73.54,94,40,3.44
421,Mogadishu,SO,2021-10-20 22:26:02,2.0371,45.3438,78.66,81,76,12.39
422,Xichang,CN,2021-10-20 22:29:21,27.8964,102.2634,51.76,89,100,4.12
423,Sebring,US,2021-10-20 22:29:21,27.4956,-81.4409,80.98,54,40,13.0
424,Nha Trang,VN,2021-10-20 22:25:56,12.25,109.1833,75.2,90,100,4.45
425,Deneysville,ZA,2021-10-20 22:29:22,-26.8908,28.0971,60.28,37,73,4.74
426,Conceicao Do Araguaia,BR,2021-10-20 22:29:23,-8.2578,-49.2647,82.92,60,99,1.79
427,Doha,QA,2021-10-20 22:26:43,25.2867,51.5333,84.18,59,0,11.5
428,San Andres,CO,2021-10-20 22:29:24,12.5847,-81.7006,84.22,79,75,2.3
429,Elko,US,2021-10-20 22:29:25,41.0002,-115.5012,64.42,27,100,8.99
430,Oksfjord,NO,2021-10-20 22:29:25,70.2396,22.3479,29.32,91,100,11.99
431,Bubaque,GW,2021-10-20 22:29:26,11.2833,-15.8333,82.67,78,100,14.0
432,Pangnirtung,CA,2021-10-20 22:29:26,66.1451,-65.7125,32.0,93,90,3.44
433,Monteiro,BR,2021-10-20 22:29:27,-7.8894,-37.12,80.67,52,85,14.2
434,Jieshi,CN,2021-10-20 22:29:27,22.8134,115.8257,74.3,87,96,7.67
435,Bombay,IN,2021-10-20 22:26:08,19.0144,72.8479,80.58,65,36,5.75
436,Wawa,NG,2021-10-20 22:29:28,9.9022,4.4192,75.85,86,90,5.26
437,West Wendover,US,2021-10-20 22:29:29,40.7391,-114.0733,52.81,54,1,5.75
438,Biltine,TD,2021-10-20 22:29:29,14.5333,20.9167,87.24,17,98,17.02
439,Ville-Marie,CA,2021-10-20 22:29:30,47.3335,-79.433,42.8,83,100,7.11
440,Acapulco,MX,2021-10-20 22:29:28,16.8634,-99.8901,85.82,70,75,6.91
441,Jacareacanga,BR,2021-10-20 22:29:31,-6.2222,-57.7528,81.03,66,88,0.76
442,Coihaique,CL,2021-10-20 22:29:32,-45.5752,-72.0662,53.55,58,75,5.75
443,Naze,JP,2021-10-20 22:29:32,28.3667,129.4833,63.52,78,100,10.8
444,Muli,MV,2021-10-20 22:29:33,2.9167,73.5667,82.02,71,35,13.09
445,Juneau,US,2021-10-20 22:26:06,58.3019,-134.4197,51.8,87,90,14.97
446,Goderich,CA,2021-10-20 22:29:34,43.7501,-81.7165,62.91,77,78,4.61
447,Picayune,US,2021-10-20 22:29:34,30.5255,-89.6795,80.78,88,99,6.53
448,College,US,2021-10-20 22:25:12,64.8569,-147.8028,39.15,62,75,0.0
449,Artemovsk,UA,2021-10-20 22:29:35,49.8406,36.0417,48.54,53,100,16.42
450,Les Cayes,HT,2021-10-20 22:29:36,18.2,-73.75,83.43,76,87,1.25
451,Pedra Azul,BR,2021-10-20 22:29:37,-16.0053,-41.2972,71.85,87,98,3.2
452,Phangnga,TH,2021-10-20 22:29:37,8.4509,98.5298,82.9,94,91,1.25
453,Mercedes,AR,2021-10-20 22:29:24,-34.6515,-59.4307,73.85,50,57,7.85
454,Kargasok,RU,2021-10-20 22:29:38,59.0556,80.8572,36.95,89,49,7.11
455,Shu,KZ,2021-10-20 22:29:39,43.5983,73.7614,60.22,31,86,3.78
456,Davila,PH,2021-10-20 22:29:40,18.4726,120.5763,76.98,81,42,4.36
457,Esperance,AU,2021-10-20 22:29:40,-33.8667,121.9,55.24,84,11,15.68
458,Nouadhibou,MR,2021-10-20 22:29:41,20.931,-17.0347,78.78,50,0,13.8
459,Gao,ML,2021-10-20 22:29:41,16.6362,1.637,86.2,13,28,9.44
460,Ozinki,RU,2021-10-20 22:29:42,51.1786,49.6769,33.84,72,41,8.88
461,Shimoda,JP,2021-10-20 22:29:43,34.6667,138.95,56.1,64,100,12.46
462,Opuwo,NA,2021-10-20 22:29:43,-18.0607,13.84,68.5,39,3,4.76
463,Yining,CN,2021-10-20 22:29:44,29.0361,114.5636,51.19,96,100,1.48
464,Collie,AU,2021-10-20 22:29:44,-33.3667,116.15,50.99,95,68,6.13
465,Shebunino,RU,2021-10-20 22:29:45,46.4339,141.8603,37.09,76,100,9.04
466,Ambanja,MG,2021-10-20 22:29:46,-13.6833,48.45,73.18,85,42,1.97
467,Terra Santa,BR,2021-10-20 22:29:46,-2.1042,-56.4869,85.05,57,99,1.16
468,Novoselitskoye,RU,2021-10-20 22:29:47,44.7508,43.4369,31.87,51,0,2.19
469,Jeremie,HT,2021-10-20 22:29:48,18.65,-74.1167,82.51,80,66,2.84
470,Shingu,JP,2021-10-20 22:29:49,33.7333,135.9833,52.5,73,100,5.95
471,Pak Phanang,TH,2021-10-20 22:29:49,8.3511,100.202,82.08,86,100,6.11
472,Bilma,NE,2021-10-20 22:29:50,18.6853,12.9164,84.42,15,0,10.58
473,Khandyga,RU,2021-10-20 22:29:50,62.6667,135.6,18.77,96,100,2.01
474,Darhan,MN,2021-10-20 22:29:51,49.4867,105.9228,32.13,66,0,5.1
475,Clonakilty,IE,2021-10-20 22:29:52,51.6231,-8.8706,43.81,63,53,14.7
476,Camapua,BR,2021-10-20 22:29:52,-19.5314,-54.0439,79.14,52,93,4.59
477,Andra,RU,2021-10-20 22:29:53,62.5147,65.8878,30.94,87,100,3.2
478,Le Vauclin,MQ,2021-10-20 22:29:53,14.5452,-60.8388,82.53,94,75,11.5
479,Rumoi,JP,2021-10-20 22:29:54,43.9344,141.6428,44.08,96,100,14.5
480,Srednekolymsk,RU,2021-10-20 22:29:55,67.45,153.6833,-9.67,97,83,2.46
481,Balikpapan,ID,2021-10-20 22:26:50,-1.2675,116.8289,74.46,92,70,3.89
482,Tafresh,IR,2021-10-20 22:29:56,34.692,50.013,48.06,52,8,3.85
483,Inongo,CD,2021-10-20 22:29:56,-1.95,18.2667,71.4,92,100,4.38
484,Kasulu,TZ,2021-10-20 22:29:57,-4.5767,30.1025,67.66,74,42,3.06
485,Taltal,CL,2021-10-20 22:29:57,-25.4,-70.4833,61.14,71,22,4.9
486,Dharchula,IN,2021-10-20 22:29:58,29.85,80.5333,60.66,76,4,5.77
487,Kemijarvi,FI,2021-10-20 22:29:59,66.7131,27.4306,28.09,95,100,11.52
488,Sungaipenuh,ID,2021-10-20 22:30:00,-2.0833,101.3833,64.78,97,100,0.98
489,Senno,RU,2021-10-20 22:30:00,59.5336,33.9167,39.25,97,100,15.46
490,Conde,BR,2021-10-20 22:30:01,-7.2597,-34.9075,80.06,78,0,10.36
491,San Carlos Del Zulia,VE,2021-10-20 22:30:02,9.0,-71.9135,81.7,77,53,5.28
492,Dubovyy Umet,RU,2021-10-20 22:30:03,52.9763,50.2857,28.29,86,70,8.1
493,Shache,CN,2021-10-20 22:30:04,38.4167,77.2406,51.39,25,62,2.17
494,Ostrovnoy,RU,2021-10-20 22:30:05,68.0531,39.5131,32.13,73,100,16.64
495,Asyut,EG,2021-10-20 22:29:16,27.181,31.1837,71.47,48,31,16.17
496,Jaunjelgava,LV,2021-10-20 22:30:07,56.6167,25.0833,55.51,79,100,17.45
497,Carauari,BR,2021-10-20 22:30:09,-4.8828,-66.8958,75.52,95,100,2.64
498,Tarnos,FR,2021-10-20 22:30:07,43.5417,-1.4628,71.92,73,75,17.27
499,Tigil,RU,2021-10-20 22:30:10,57.8,158.6667,20.57,71,60,8.79
500,Jiancheng,CN,2021-10-20 22:30:11,30.391,104.5491,58.98,87,100,3.53
501,Tessalit,ML,2021-10-20 22:30:12,20.1986,1.0114,75.74,22,0,9.57
502,Stephenville,US,2021-10-20 22:30:13,32.2207,-98.2023,82.53,58,75,3.44
503,Maiduguri,NG,2021-10-20 22:30:14,11.8464,13.1603,78.55,65,93,16.58
504,Port Lavaca,US,2021-10-20 22:30:15,28.615,-96.6261,88.12,60,75,0.0
505,Whitehorse,CA,2021-10-20 22:30:16,60.7161,-135.0538,41.02,48,90,11.99
506,Hervey Bay,AU,2021-10-20 22:30:16,-25.2986,152.8535,80.04,69,16,9.78
507,Jalu,LY,2021-10-20 22:29:32,29.0331,21.5482,71.58,44,11,8.5
508,Mansehra,PK,2021-10-20 22:25:18,34.3333,73.2,59.72,47,0,5.61
509,Tutoia,BR,2021-10-20 22:30:18,-2.7619,-42.2744,80.04,80,71,8.39
510,Anshun,CN,2021-10-20 22:30:18,26.25,105.9333,49.66,91,100,5.7
511,Santa Maria,BR,2021-10-20 22:29:02,-29.6842,-53.8069,67.3,52,20,5.75
512,Mayumba,GA,2021-10-20 22:30:19,-3.432,10.6554,76.3,83,99,4.41
513,Port Hardy,CA,2021-10-20 22:30:21,50.6996,-127.4199,53.78,94,75,8.05
514,Neuquen,AR,2021-10-20 22:27:52,-38.9516,-68.0591,85.89,20,20,10.36
515,Balabac,PH,2021-10-20 22:30:21,7.9868,117.0645,80.11,81,88,3.85
516,Whyalla,AU,2021-10-20 22:30:22,-33.0333,137.5833,62.49,72,27,4.61
517,Teguise,ES,2021-10-20 22:30:23,29.0605,-13.564,68.22,83,20,12.66
518,Acarau,BR,2021-10-20 22:30:24,-2.8856,-40.12,80.08,80,100,11.23
519,Oriximina,BR,2021-10-20 22:30:24,-1.7656,-55.8661,83.64,63,89,2.82
520,Seoul,KR,2021-10-20 22:27:12,37.5683,126.9778,42.24,90,0,3.44
521,Ashqelon,IL,2021-10-20 22:30:25,31.6693,34.5715,71.49,67,20,4.63
522,Berekum,GH,2021-10-20 22:30:26,7.4534,-2.584,71.51,98,95,3.4
523,Nema,RU,2021-10-20 22:30:26,57.5067,50.5011,27.63,96,51,4.94
524,El Cobre,CU,2021-10-20 22:30:26,20.0489,-75.9469,85.44,70,40,8.05
525,Puerto Del Rosario,ES,2021-10-20 22:30:27,28.5004,-13.8627,73.15,83,68,14.97
526,Tevaitoa,PF,2021-10-20 22:30:27,-16.7833,-151.5,78.66,79,9,7.43
527,Staryy Nadym,RU,2021-10-20 22:30:28,65.6118,72.6842,30.96,79,100,3.71
528,Nichinan,JP,2021-10-20 22:30:28,31.6,131.3667,60.48,68,100,9.04
529,Waipawa,NZ,2021-10-20 22:30:29,-41.4122,175.5153,58.46,64,100,7.65
530,Moletai,LT,2021-10-20 22:30:29,55.2333,25.4167,56.1,70,100,18.5
531,Lincoln,US,2021-10-20 22:29:21,40.8,-96.667,53.98,66,90,1.99
532,Keetmanshoop,NA,2021-10-20 22:30:30,-26.5833,18.1333,70.77,54,40,15.3
533,Barguzin,RU,2021-10-20 22:30:30,53.6167,109.6167,29.62,84,40,2.26
534,Ostersund,SE,2021-10-20 22:30:31,63.1792,14.6357,37.85,100,20,3.44
535,Glendive,US,2021-10-20 22:30:31,47.1053,-104.7125,45.79,57,1,6.91
536,Aksarka,RU,2021-10-20 22:30:32,66.5606,67.7975,25.92,90,62,6.17
537,Upata,VE,2021-10-20 22:30:33,8.0086,-62.3989,84.2,71,13,4.61
538,Palauig,PH,2021-10-20 22:30:33,15.435,119.9045,81.36,76,56,3.13
539,Ler,SS,2021-10-20 22:30:21,8.3018,30.1418,70.05,87,100,4.34
540,Saurimo,AO,2021-10-20 22:30:34,-9.6608,20.3916,65.62,95,97,2.13
541,Aloleng,PH,2021-10-20 22:30:35,16.1307,119.7824,80.17,84,78,6.53
542,Kungurtug,RU,2021-10-20 22:30:37,50.5994,97.5228,22.66,73,51,3.09
543,Tondano,ID,2021-10-20 22:30:37,1.3038,124.9112,68.09,82,75,1.5
544,Roebourne,AU,2021-10-20 22:30:38,-20.7833,117.1333,74.07,33,1,8.41
545,Kjollefjord,NO,2021-10-20 22:30:39,70.9457,27.3465,33.84,61,100,24.02
546,Santa Luzia,BR,2021-10-20 22:30:39,-19.7697,-43.8514,64.74,80,75,16.11
547,Rochegda,RU,2021-10-20 22:30:40,62.8,43.25,31.1,79,100,13.6
548,Dawei,MM,2021-10-20 22:30:40,14.0833,98.2,74.77,91,100,2.75
549,Vakhrushev,RU,2021-10-20 22:30:41,48.9833,142.9667,32.34,63,81,5.17
550,Iberia,US,2021-10-20 22:30:41,29.9502,-91.7507,82.47,74,40,5.75
551,Qui Nhon,VN,2021-10-20 22:30:42,13.7667,109.2333,76.68,88,97,3.85
552,Vanimo,PG,2021-10-20 22:30:42,-2.6741,141.3028,76.66,92,100,2.04
553,Hambantota,LK,2021-10-20 22:30:43,6.1241,81.1185,75.54,100,0,2.3
554,Fougamou,GA,2021-10-20 22:30:43,-1.2154,10.5838,73.6,99,100,1.1
555,Tikapur,NP,2021-10-20 22:30:44,28.5,81.1333,69.75,93,5,1.92
556,Berbera,SO,2021-10-20 22:30:44,10.4396,45.0143,83.68,62,33,6.6
557,Kenai,US,2021-10-20 22:30:45,60.5544,-151.2583,43.14,88,75,13.8
558,Middle Island,US,2021-10-20 22:30:45,40.8843,-72.9373,72.16,69,1,0.0
559,Bushehr,IR,2021-10-20 22:30:46,28.9684,50.8385,82.83,43,0,18.3
560,Meulaboh,ID,2021-10-20 22:30:46,4.1363,96.1285,74.82,90,100,6.42
561,Biak,ID,2021-10-20 22:30:47,-0.9131,122.8766,79.81,70,82,1.99
562,Goryachiy Klyuch,RU,2021-10-20 22:30:47,44.6308,39.13,38.59,64,34,3.47
563,Port Blair,IN,2021-10-20 22:30:48,11.6667,92.75,80.28,83,100,4.23
564,Cumpas,MX,2021-10-20 22:30:48,29.9833,-109.7833,84.33,22,93,7.76
565,Pangody,RU,2021-10-20 22:30:49,65.85,74.4859,30.2,89,100,2.68
566,Kupang,ID,2021-10-20 22:30:50,-10.1667,123.5833,75.78,94,20,1.14
567,Modakeke,NG,2021-10-20 22:30:50,7.3833,4.2667,73.63,97,100,2.17
568,Mayo,US,2021-10-20 22:30:51,38.8876,-76.5119,73.51,61,1,1.99
569,Roald,NO,2021-10-20 22:30:51,62.5833,6.1333,44.74,76,20,18.41
570,Gualaquiza,EC,2021-10-20 22:30:52,-3.4,-78.55,65.84,94,53,1.99
571,Donskoye,RU,2021-10-20 22:30:52,45.4552,41.9741,37.53,52,36,4.59
572,Bugulma,RU,2021-10-20 22:30:53,54.55,52.8,30.7,83,99,10.92
573,Barraute,CA,2021-10-20 22:30:54,48.4335,-77.6328,41.27,97,100,5.97
574,Tura,IN,2021-10-20 22:30:55,25.5198,90.2201,70.66,99,92,3.58
575,Vila Velha,BR,2021-10-20 22:30:55,-20.3297,-40.2925,66.15,88,75,8.05
576,Samarai,PG,2021-10-20 22:29:59,-10.6167,150.6667,82.33,77,86,7.27
577,Kalbay,PH,2021-10-20 22:30:56,5.7233,125.4986,81.36,73,100,1.83
578,Natal,BR,2021-10-20 22:30:57,-5.795,-35.2094,81.25,83,40,11.5
579,Sitka,US,2021-10-20 22:30:57,57.0531,-135.33,45.75,92,100,5.5
580,Songjianghe,CN,2021-10-20 22:30:58,42.1859,127.479,30.56,60,3,2.35
581,Jupiter,US,2021-10-20 22:30:59,26.9342,-80.0942,81.03,60,75,5.99
582,Gerash,IR,2021-10-20 22:30:59,27.6652,54.1371,69.76,40,0,3.42
583,Chumikan,RU,2021-10-20 22:31:00,54.7183,135.315,29.39,77,97,18.92
584,Tual,ID,2021-10-20 22:31:01,-5.6667,132.75,82.65,75,88,3.18
